subreddit,subreddit_neighbor
-1,694
0,545
0,694
0,734
0,531
0,557
0,153
0,723
0,724
0,539
1,254
1,539
1,557
1,723
1,700
1,153
2,805
2,539
3,412
3,545
3,694
3,539
3,771
3,419
3,555
4,724
4,694
4,539
4,379
4,402
4,557
4,445
4,815
4,556
4,716
4,788
4,222
4,266
4,523
4,545
4,275
4,184
4,528
4,407
4,831
4,13
4,153
4,806
4,481
4,749
4,809
4,136
4,579
4,200
4,273
4,59
4,473
4,462
4,480
4,438
4,679
4,145
4,183
4,6
4,700
4,394
5,539
5,473
6,402
6,183
6,539
6,379
6,557
6,809
6,694
7,774
7,557
7,723
7,539
7,694
7,153
7,507
7,556
7,545
8,694
8,473
8,379
8,578
9,557
9,829
9,539
9,694
9,723
9,620
10,694
10,781
10,539
10,691
10,839
11,297
11,379
11,710
11,694
11,539
12,694
12,539
12,379
12,171
12,618
12,264
12,691
13,402
13,539
13,545
13,616
13,407
13,236
13,694
13,550
13,330
13,165
13,770
13,630
13,815
13,557
13,277
13,724
13,775
13,784
13,379
13,200
13,212
13,576
13,734
13,528
13,822
13,496
13,365
13,280
13,135
13,827
13,700
13,774
13,299
13,311
13,852
13,436
13,806
13,390
13,427
13,442
13,509
13,541
13,556
13,166
13,387
13,289
13,86
13,428
13,778
13,594
13,124
13,408
13,555
13,615
13,526
13,626
13,648
13,667
13,730
13,104
13,768
13,640
13,836
13,831
13,307
13,42
13,151
13,112
13,564
13,574
13,134
13,793
13,834
13,400
13,203
13,491
13,802
13,696
13,799
13,736
13,199
13,253
13,472
13,97
13,682
13,230
13,691
13,59
13,207
13,523
13,71
13,732
13,596
13,175
13,263
13,638
13,216
13,618
13,749
13,666
13,723
13,828
13,622
13,337
13,345
13,664
13,485
13,129
13,461
13,645
13,413
13,646
13,571
13,40
13,782
13,809
13,444
13,153
13,438
13,727
13,643
13,800
13,451
13,771
13,14
13,752
13,711
13,269
13,590
13,579
13,361
13,460
13,177
13,331
13,498
14,539
14,402
14,694
15,694
16,400
16,539
17,694
17,539
17,379
17,79
18,539
18,557
18,723
18,153
18,407
19,595
19,153
19,557
19,402
19,539
19,694
19,379
19,724
19,545
20,539
20,557
20,67
20,153
21,539
21,694
21,27
21,639
21,379
21,471
22,724
22,379
22,694
22,539
23,596
23,539
23,694
24,694
24,407
24,691
24,539
24,379
25,724
25,407
25,694
26,379
26,691
26,539
26,407
26,694
26,557
27,539
27,639
27,694
28,694
29,694
29,379
29,648
29,539
30,539
30,397
31,694
31,407
31,557
31,539
31,153
32,557
32,379
32,539
33,694
33,852
33,379
33,183
34,539
34,694
34,556
34,724
34,557
35,837
35,539
35,280
35,694
36,539
36,694
36,153
36,852
36,557
36,179
36,679
36,171
37,556
37,557
37,723
37,539
38,539
38,379
38,694
39,539
39,556
39,694
39,771
39,839
39,407
39,557
39,402
39,528
39,691
39,153
39,218
39,772
39,379
39,545
39,744
40,337
40,815
40,253
40,545
40,379
40,694
40,539
40,402
40,809
40,444
41,694
42,407
42,694
42,539
42,815
42,299
43,539
43,557
43,723
44,539
44,407
45,724
45,539
45,815
45,379
45,557
45,694
45,153
45,602
46,153
46,556
46,557
46,694
46,539
46,759
46,379
46,724
46,203
47,539
47,557
47,694
48,379
48,539
49,373
49,539
49,557
49,153
50,557
50,528
50,694
51,539
51,379
51,545
52,694
52,539
53,694
54,694
54,539
55,153
55,694
55,557
55,539
55,545
55,157
55,723
56,545
56,539
56,153
56,379
56,556
56,557
57,539
57,694
58,694
59,815
59,402
59,365
59,792
59,384
59,165
59,545
59,98
59,723
59,556
59,153
59,854
59,557
59,539
59,379
59,71
59,694
59,480
59,682
59,691
60,174
60,407
60,694
60,539
60,112
60,557
60,815
60,402
60,723
60,540
60,379
60,685
60,471
60,98
61,204
61,159
62,539
62,389
62,557
63,557
63,539
63,750
63,379
63,153
63,694
63,556
63,610
63,715
63,323
63,655
63,200
63,402
63,596
63,545
63,724
63,840
64,539
64,545
64,165
64,557
64,263
64,200
64,724
64,575
64,385
64,402
64,694
64,379
65,407
65,539
65,694
65,379
65,171
66,539
66,447
66,694
67,108
67,694
67,601
67,539
67,153
67,551
67,779
67,557
68,694
68,651
68,557
68,815
68,407
68,556
68,153
68,402
68,539
68,545
68,723
69,694
69,539
70,153
70,539
70,545
71,691
71,539
71,153
71,557
71,815
71,556
71,694
71,723
71,400
71,303
71,379
71,407
71,724
71,852
72,839
72,694
72,837
72,379
72,539
72,454
73,694
73,539
74,539
74,694
74,132
75,694
75,539
75,402
76,539
76,694
77,837
77,694
77,539
77,212
77,379
77,839
78,183
78,539
78,694
79,539
79,379
79,694
80,539
81,545
81,694
81,402
81,557
81,533
81,539
82,539
82,694
83,694
83,724
83,545
83,557
83,153
83,688
84,557
84,379
84,545
84,694
84,539
84,153
85,415
85,379
85,694
85,740
85,407
85,539
86,428
86,539
86,815
86,402
86,778
86,724
86,694
86,236
86,545
87,407
88,545
88,402
88,740
88,694
88,413
88,379
88,539
88,691
89,780
89,539
89,745
89,694
90,539
90,413
90,694
91,539
91,694
91,379
92,665
92,539
92,278
92,775
93,557
93,539
93,694
94,309
94,694
95,225
95,200
95,607
95,651
95,557
95,153
95,539
96,539
96,191
96,809
96,379
96,694
96,280
96,171
96,235
96,419
96,839
97,694
97,545
97,365
97,806
97,799
97,402
97,700
97,539
97,802
97,230
97,379
97,557
97,407
97,696
98,557
98,199
98,723
98,545
98,539
98,365
98,792
98,556
98,694
98,112
98,153
98,815
98,402
98,165
98,400
98,384
99,539
100,651
100,153
100,557
100,723
100,539
101,752
101,607
101,153
101,438
101,545
101,351
101,724
101,694
101,539
101,142
101,648
101,557
101,804
102,379
102,103
103,694
103,379
103,539
103,507
103,435
104,545
104,299
104,694
104,539
104,153
104,528
104,438
104,557
104,839
105,639
105,694
106,694
106,379
106,253
106,529
106,852
106,325
106,658
106,724
106,839
106,825
106,114
106,539
106,837
106,261
106,461
106,726
106,553
106,545
106,304
106,659
106,183
106,353
106,116
106,771
106,841
106,866
107,539
107,154
107,551
107,694
107,557
107,723
108,694
108,557
108,779
108,551
108,723
108,539
108,574
109,539
109,550
109,694
109,379
110,153
110,539
110,557
111,694
112,134
112,557
112,574
112,815
112,806
112,528
112,723
112,153
112,539
112,694
112,545
112,307
112,200
112,402
112,379
112,724
112,334
112,354
112,783
112,556
113,539
113,647
113,379
113,694
113,634
114,694
114,599
114,771
114,724
114,852
114,539
114,402
115,539
115,839
115,694
116,724
116,694
117,545
117,379
117,557
117,539
117,694
117,153
117,407
117,638
118,557
118,694
118,539
118,556
118,648
118,379
119,539
119,195
120,539
120,694
120,413
120,837
120,379
121,477
121,379
121,153
121,694
121,557
122,402
123,153
123,557
123,607
123,539
123,379
123,694
123,723
123,556
123,440
123,852
124,539
125,694
125,539
126,556
126,557
126,539
126,407
126,153
126,694
127,557
127,556
127,153
128,379
128,419
128,694
128,280
128,691
129,700
129,254
129,510
129,539
129,772
129,723
129,544
129,557
129,402
129,153
129,545
129,694
129,338
129,556
129,655
129,771
130,402
130,737
130,724
130,301
130,694
131,539
131,557
131,723
132,539
132,694
132,407
132,724
132,815
133,407
133,815
133,539
133,724
133,151
133,694
133,723
133,449
133,402
133,545
133,700
133,557
133,153
133,655
133,301
133,556
133,379
133,646
133,678
134,402
134,557
134,723
134,545
134,539
134,165
134,200
134,694
134,307
134,806
134,556
134,815
134,379
134,574
135,749
135,557
135,539
135,575
135,694
135,723
135,442
135,407
135,683
135,545
135,379
135,693
135,153
135,815
135,827
135,556
135,724
135,828
135,471
135,847
135,207
135,402
136,694
136,771
136,379
136,815
136,151
136,301
136,183
136,852
136,192
136,298
136,539
136,402
136,171
136,839
136,586
136,588
136,724
136,660
136,557
137,379
137,694
138,557
138,153
138,379
138,539
139,153
139,557
139,539
139,815
139,379
140,664
140,694
140,379
140,402
140,839
140,539
140,368
140,679
140,285
140,407
140,542
141,694
142,557
142,539
142,724
142,153
142,752
142,545
142,804
143,770
143,545
144,607
144,490
144,379
144,545
145,379
145,694
145,539
146,864
146,545
147,557
147,153
147,815
147,723
147,778
147,539
148,539
148,153
149,694
150,694
150,539
151,694
151,539
151,255
151,438
151,407
151,333
151,583
151,301
151,545
151,192
151,557
151,402
152,539
153,694
153,539
153,557
153,724
153,682
153,402
153,407
153,200
153,379
153,356
153,756
153,852
153,569
153,734
153,453
153,556
153,815
153,723
153,330
153,529
153,451
153,651
153,545
153,550
153,700
153,500
153,254
153,346
153,260
153,828
153,749
153,406
153,165
153,864
153,790
153,648
153,575
153,839
153,258
153,207
153,683
153,803
153,543
153,585
153,225
153,477
153,515
153,778
153,858
153,249
153,719
153,212
153,531
153,646
153,304
153,665
153,528
153,771
153,360
153,255
153,192
153,198
153,837
153,392
153,496
153,195
153,727
153,438
153,635
153,236
153,440
153,205
153,280
153,766
153,772
153,599
153,331
153,419
153,302
153,549
153,764
153,792
153,498
153,595
153,840
153,750
153,229
153,355
153,799
153,507
153,809
153,252
153,209
153,478
153,757
153,400
153,787
153,345
153,365
153,541
153,780
153,408
153,493
153,357
153,384
153,695
153,655
153,759
153,580
153,166
153,616
153,598
153,248
153,501
153,753
153,660
153,226
153,811
153,604
153,353
153,388
153,632
153,568
153,253
153,328
153,770
153,812
153,347
153,189
153,287
153,268
153,607
153,187
153,622
153,307
153,703
153,848
153,348
153,762
153,456
153,537
153,849
153,833
153,389
153,472
153,197
153,699
153,596
153,527
153,601
153,378
153,654
153,653
153,732
153,390
153,544
153,185
153,610
153,245
153,638
153,865
153,183
153,218
153,208
153,775
153,271
153,495
153,373
153,413
153,191
153,574
153,866
153,223
153,474
153,615
153,806
153,178
153,829
153,583
153,691
153,783
153,446
153,414
153,334
153,540
153,720
153,318
153,267
153,497
153,701
153,847
153,705
153,494
153,668
153,820
153,370
153,572
153,679
153,338
153,449
153,239
153,510
153,210
153,369
153,519
153,488
153,591
153,613
153,199
153,444
153,263
153,327
153,337
153,637
153,429
153,804
153,752
153,272
153,244
153,548
153,454
153,256
153,324
153,385
153,291
153,250
153,774
153,466
154,723
154,557
155,539
155,545
156,557
156,545
156,539
156,723
156,402
156,544
157,557
157,539
157,545
158,539
159,204
160,539
160,557
161,694
162,412
162,472
162,694
162,579
162,379
162,775
162,438
162,539
162,545
162,759
162,251
162,331
162,195
162,665
162,402
162,611
163,852
163,694
163,280
163,539
164,858
164,815
164,402
164,694
164,700
164,539
164,360
164,379
165,723
165,545
165,539
165,556
165,557
165,815
165,762
165,385
165,694
165,379
165,724
165,407
165,236
165,402
165,200
165,736
165,244
165,263
165,575
165,365
165,790
165,828
165,700
165,864
165,756
165,809
165,749
165,275
165,384
165,792
165,454
165,653
165,806
165,528
165,317
165,705
165,549
165,511
165,622
165,541
165,370
165,436
165,775
165,547
165,255
165,799
165,632
165,641
165,413
165,550
165,327
165,734
165,537
165,771
165,638
165,531
165,527
165,210
165,183
165,640
165,732
166,723
166,414
166,694
166,822
166,539
166,402
166,204
166,545
166,557
166,815
166,379
166,767
166,607
166,556
166,529
166,543
166,407
166,852
166,724
166,200
167,839
167,545
167,402
167,539
167,557
168,539
168,694
169,852
169,694
169,402
170,379
170,539
171,694
171,539
171,379
171,407
171,235
171,507
171,839
171,370
171,565
171,724
171,545
171,482
171,815
171,578
171,771
171,662
171,477
171,691
171,618
171,264
172,539
172,694
173,723
173,379
173,694
173,557
173,539
174,691
174,195
174,677
174,539
174,694
174,308
174,379
174,407
175,638
175,200
175,528
175,666
175,574
175,618
175,557
175,263
175,216
175,379
175,539
175,723
175,530
175,694
175,815
175,407
175,234
175,545
175,402
176,539
176,694
176,379
177,539
178,694
178,557
178,531
178,724
178,539
178,379
178,815
178,556
179,694
180,694
180,539
181,694
181,539
181,379
181,529
182,379
182,204
182,694
182,539
182,611
183,539
183,545
183,724
183,694
183,379
183,550
183,407
183,640
183,648
183,852
183,646
183,557
183,406
183,549
183,402
183,866
183,631
183,809
183,353
184,379
184,539
184,694
185,539
185,557
186,694
186,676
186,839
187,557
187,539
187,694
187,834
187,379
188,694
189,694
189,539
189,556
189,439
189,406
189,557
189,456
189,379
189,407
189,200
189,409
190,694
190,539
190,379
191,539
191,694
191,379
191,407
191,451
191,299
191,545
191,253
191,635
191,557
191,402
191,408
191,798
191,752
191,837
191,477
191,839
191,659
191,309
191,280
191,852
191,792
191,523
191,697
191,559
191,724
192,545
192,539
192,392
192,723
192,304
192,694
192,557
192,839
193,694
193,539
194,694
194,280
194,588
194,379
194,615
194,539
194,402
195,694
195,556
195,379
195,438
195,759
195,665
195,539
195,402
195,557
195,412
195,331
195,251
195,551
195,579
195,792
195,547
195,723
195,545
195,544
195,407
195,648
195,775
195,680
195,444
195,677
195,724
195,232
195,472
195,611
196,539
197,694
197,539
197,556
198,723
198,539
198,557
198,556
198,701
198,379
198,694
199,556
199,539
199,402
199,557
199,700
199,736
199,545
199,723
199,694
199,365
200,379
200,539
200,407
200,815
200,498
200,545
200,402
200,723
200,557
200,575
200,840
200,694
200,724
200,750
200,556
200,438
200,253
200,249
200,618
200,216
200,353
200,653
200,638
200,528
200,263
200,648
200,806
200,244
200,700
200,607
200,454
200,307
200,574
200,756
200,385
200,225
200,651
200,547
200,236
200,327
200,210
200,345
200,734
200,676
200,209
201,694
201,539
201,557
201,724
201,545
201,204
201,723
202,539
203,379
203,539
203,694
203,724
203,402
203,268
203,557
203,556
203,545
203,395
203,473
204,694
204,539
204,557
204,320
204,724
204,339
204,815
204,611
204,379
204,749
204,723
204,386
204,545
205,694
205,557
205,766
205,545
205,539
205,379
206,825
206,539
206,558
207,402
207,523
207,539
207,694
207,379
207,724
207,212
207,749
207,723
207,683
207,545
207,575
207,815
207,556
207,557
208,694
208,539
208,528
208,557
209,345
209,700
209,379
209,539
209,557
209,545
209,694
209,347
209,408
210,557
210,539
210,694
210,407
210,379
210,327
210,545
210,734
210,556
211,694
211,691
211,539
211,280
212,539
212,694
212,379
212,557
212,556
212,545
212,723
212,523
212,402
212,839
212,837
212,724
213,539
213,379
213,772
213,694
213,866
213,353
214,694
214,772
214,724
214,771
215,539
215,694
215,557
215,407
216,402
216,557
216,379
216,407
216,638
216,815
216,528
216,263
216,694
216,618
216,539
216,723
216,648
216,545
216,724
216,477
216,743
216,501
217,539
218,400
218,694
218,557
218,539
218,461
218,771
218,402
218,379
218,545
218,837
218,635
219,648
219,694
220,573
220,271
220,557
220,539
221,379
221,539
221,694
222,539
222,694
222,370
222,314
222,379
222,402
222,661
222,275
222,545
222,788
222,266
222,523
222,675
222,716
222,445
223,557
223,545
223,694
224,694
224,679
224,539
224,248
225,694
225,264
225,402
225,557
225,414
225,539
225,691
225,379
225,407
225,556
225,723
225,408
225,607
225,651
225,815
226,557
226,539
226,529
227,694
227,539
228,694
228,724
228,539
228,402
229,557
229,539
229,556
229,694
230,557
230,365
230,694
230,407
230,539
230,402
230,802
230,700
230,696
230,799
230,806
230,545
230,379
231,539
231,557
232,680
232,539
232,648
232,694
232,724
233,694
233,635
234,379
234,539
234,694
234,530
234,574
234,557
234,723
234,666
235,539
235,694
235,691
235,839
235,280
235,741
235,852
235,379
235,402
235,385
236,694
236,379
236,545
236,539
236,723
236,749
236,815
236,806
236,511
236,724
236,402
236,550
236,837
236,557
236,556
236,365
236,255
236,326
236,253
236,477
236,839
236,428
236,780
236,778
237,539
237,723
237,557
237,815
237,545
237,694
238,694
238,539
239,268
239,557
239,402
239,539
239,694
239,703
240,694
240,539
241,557
241,456
241,815
241,539
241,694
241,723
242,694
242,539
242,703
243,379
243,545
243,694
243,539
244,545
244,700
244,723
244,557
244,539
245,498
245,557
245,723
245,809
245,539
245,402
246,648
246,694
246,839
247,694
248,694
248,407
248,539
248,417
248,724
248,723
248,556
248,557
248,379
248,402
249,694
249,539
249,557
250,379
250,539
251,379
251,665
251,759
251,402
251,438
251,412
251,331
251,545
251,611
251,472
251,694
251,539
251,775
251,579
252,539
252,557
253,694
253,539
253,379
253,402
253,557
253,528
253,858
253,556
253,723
253,545
253,472
253,815
253,444
253,809
253,648
253,700
253,724
253,337
254,723
254,545
254,379
254,557
254,700
254,539
254,353
254,694
254,839
254,575
254,456
254,772
254,544
254,510
254,771
254,402
254,655
254,338
254,556
254,472
255,694
255,539
255,402
255,511
255,723
255,815
255,724
255,557
255,545
255,749
255,556
255,806
255,507
255,379
256,557
256,723
256,694
256,574
256,413
256,539
256,545
256,556
256,815
256,507
256,402
257,539
258,379
258,557
258,539
258,694
258,723
259,694
259,539
259,379
260,556
260,539
260,557
261,694
261,583
261,379
261,839
261,539
262,539
263,407
263,618
263,694
263,575
263,539
263,528
263,402
263,379
263,723
263,557
263,815
263,385
263,545
263,330
263,799
263,638
263,724
264,694
264,539
264,577
264,648
264,618
264,660
264,691
264,557
264,379
264,724
264,301
265,539
265,407
265,694
266,402
266,539
266,716
266,788
266,694
266,523
266,445
266,379
266,275
267,694
267,723
267,557
267,407
267,539
268,539
268,694
268,703
268,557
268,402
268,287
269,545
269,694
269,539
269,579
269,815
269,498
269,861
270,539
270,694
270,379
271,723
271,694
271,379
271,545
271,539
271,557
271,831
271,573
272,694
272,557
272,545
272,539
273,473
273,379
274,694
274,539
274,379
274,635
274,724
274,407
275,694
275,402
275,539
275,379
275,716
275,788
275,523
275,445
275,556
275,815
275,317
275,370
275,723
275,528
275,557
276,694
276,557
276,539
277,539
278,539
278,775
279,539
279,694
280,694
280,691
280,539
280,724
280,588
280,615
280,845
280,402
280,407
280,852
280,325
280,837
280,379
280,444
280,385
280,534
280,525
280,739
280,423
280,556
280,557
280,408
280,425
281,407
281,539
282,379
282,694
282,724
282,539
282,775
283,539
283,694
284,379
284,539
284,679
284,694
285,539
286,700
286,539
287,539
287,313
287,557
288,545
288,539
288,556
288,379
288,694
288,402
288,557
288,723
288,407
288,815
289,694
289,539
289,545
289,379
289,402
289,557
289,387
290,694
290,866
290,807
291,557
291,539
291,407
292,539
292,475
292,569
292,694
292,551
292,545
292,476
293,539
293,694
293,557
293,723
293,815
294,539
294,694
295,694
295,539
295,557
295,402
295,723
295,632
296,539
297,379
297,710
297,694
297,386
297,857
297,473
297,539
298,694
298,852
298,815
298,301
299,694
299,539
299,379
299,422
299,471
299,635
299,407
300,407
300,694
300,539
300,451
301,694
301,402
301,839
301,837
301,737
301,815
301,539
301,772
301,771
301,724
301,852
302,694
302,539
302,557
302,379
302,724
302,419
302,815
302,549
303,539
303,694
303,407
303,830
303,557
304,837
304,839
304,694
304,325
304,723
304,407
304,539
304,392
304,557
304,545
304,815
305,539
305,379
306,694
307,539
307,402
307,694
307,815
307,574
307,379
307,742
307,806
307,557
307,723
307,545
308,711
308,694
308,379
308,724
308,539
308,679
309,694
309,539
309,772
309,771
309,815
309,586
310,539
310,742
310,694
310,454
310,723
310,412
311,539
311,694
311,774
311,402
311,815
311,723
311,557
312,379
312,694
312,539
313,539
314,661
314,694
314,379
314,539
315,694
315,539
316,694
316,539
317,694
317,557
317,556
317,402
317,528
317,723
317,539
317,815
318,694
318,557
318,724
318,539
318,720
319,539
319,694
319,402
319,407
319,557
320,694
320,379
320,545
320,539
321,379
321,694
321,539
322,694
322,539
323,539
323,596
323,694
323,379
323,545
323,402
323,655
323,715
323,610
324,539
324,723
324,557
325,839
325,724
325,776
325,694
325,658
325,837
325,539
325,402
325,852
326,545
326,539
326,379
326,694
326,477
326,526
327,557
327,545
327,407
327,734
327,539
327,556
329,694
329,724
329,539
329,778
329,379
330,749
330,539
330,694
330,557
330,545
330,723
330,379
330,402
330,799
330,640
331,557
331,472
331,579
331,611
331,412
331,539
331,379
331,665
331,556
331,759
331,438
331,694
331,380
331,723
331,775
331,402
331,545
332,539
333,694
333,539
333,583
334,539
334,694
334,839
334,648
334,557
334,783
334,556
334,815
334,700
334,390
334,379
334,402
335,539
335,556
335,557
336,379
336,539
336,545
336,694
337,545
337,539
337,444
337,809
337,694
337,724
337,723
337,815
337,379
337,557
337,529
337,637
337,519
337,402
337,550
337,622
337,556
337,501
337,565
337,345
337,664
338,557
338,772
338,544
338,723
338,510
338,539
338,771
338,402
338,694
338,655
338,556
338,545
338,700
339,815
339,694
340,694
340,480
340,379
341,539
341,694
342,539
343,344
343,694
344,694
345,664
345,539
345,509
345,557
345,622
345,545
345,402
345,694
345,723
345,700
346,694
346,557
347,519
347,694
347,828
347,539
347,557
347,847
347,556
347,379
348,594
348,694
348,852
348,723
348,557
348,539
349,539
349,694
349,557
350,539
350,402
350,523
351,539
351,438
351,694
351,648
352,539
352,694
353,556
353,694
353,379
353,539
353,557
353,545
353,407
353,866
353,839
353,580
354,694
354,539
354,379
355,539
355,379
355,694
355,557
355,545
355,723
356,379
356,539
356,557
356,694
356,569
357,723
357,556
357,545
357,557
357,539
357,402
357,694
357,724
357,379
357,815
357,695
358,694
358,539
358,550
358,407
359,539
359,694
360,557
360,694
360,700
360,539
360,379
360,724
360,402
360,815
360,556
360,723
360,400
360,858
360,753
360,407
361,694
361,545
361,402
361,724
361,539
362,694
363,539
363,694
364,694
364,852
365,402
365,539
365,557
365,723
365,531
365,407
365,496
365,815
365,528
365,694
365,545
365,802
365,700
365,696
365,799
365,806
365,379
365,556
365,384
365,792
366,539
366,379
366,407
366,724
366,694
367,557
367,694
367,539
367,815
367,545
368,694
368,679
368,539
369,557
369,723
369,828
369,545
369,539
370,694
370,679
370,539
370,402
370,700
370,610
370,379
370,815
370,556
370,541
370,407
370,557
370,723
370,724
371,539
371,694
372,539
373,557
373,539
374,539
374,402
374,379
374,694
375,407
375,694
375,500
376,694
377,694
379,694
379,407
379,539
379,691
379,808
379,557
379,723
379,430
379,545
379,556
379,402
379,815
379,682
379,511
379,477
379,456
379,837
379,390
379,667
379,549
379,828
379,501
379,693
379,594
379,427
379,806
379,724
379,700
379,453
379,578
379,852
379,579
379,866
379,478
379,754
379,630
379,637
379,790
379,864
379,632
379,408
379,690
379,648
379,438
379,635
379,550
379,666
379,481
379,803
379,457
379,615
379,839
379,655
379,529
379,798
379,575
379,679
379,528
379,646
379,582
379,507
379,580
379,451
379,391
379,480
379,436
379,703
379,678
379,590
379,799
379,540
379,585
379,809
379,621
379,780
379,574
379,775
379,583
379,810
379,820
379,444
379,607
379,598
379,523
379,602
379,756
379,858
379,665
379,418
379,744
379,397
379,596
379,440
379,380
379,473
379,548
379,565
379,577
379,675
379,860
379,706
379,729
379,419
379,406
379,771
379,534
379,414
379,588
379,610
379,759
379,541
379,611
379,416
379,445
379,716
379,788
379,847
379,462
379,778
379,651
379,833
379,793
379,564
379,586
379,472
379,389
379,831
379,421
379,741
379,618
379,638
379,838
379,404
379,743
379,568
379,515
379,433
379,846
379,689
379,619
379,601
379,547
379,749
379,640
379,531
379,396
379,413
379,825
379,409
379,751
379,664
379,412
379,685
379,471
379,622
379,634
379,770
379,713
379,762
379,738
379,850
379,482
379,454
379,437
379,681
379,490
379,695
379,757
379,595
379,715
379,479
379,466
379,597
379,670
379,591
379,857
379,786
379,668
379,673
379,559
379,750
379,388
379,697
379,435
379,569
379,672
379,824
379,802
379,555
379,696
379,522
379,710
379,524
379,429
379,776
379,654
379,460
379,609
379,742
379,818
379,731
379,496
379,774
379,660
379,424
379,587
379,816
379,734
379,772
379,841
379,517
379,425
379,687
379,812
379,814
379,394
379,383
379,470
379,508
379,752
379,661
379,400
379,616
379,745
379,498
379,766
380,723
380,539
380,557
381,694
381,635
382,438
382,539
382,694
383,694
383,470
383,539
383,691
384,539
384,723
384,545
384,815
384,402
384,557
384,556
384,792
385,694
385,724
385,539
385,402
385,557
385,545
385,575
386,473
386,857
386,694
386,539
387,694
387,539
387,545
387,402
388,545
388,539
388,557
388,694
388,402
388,407
389,694
389,799
389,557
389,539
389,815
389,438
389,407
389,796
390,694
390,815
390,402
390,700
390,539
390,806
390,427
390,545
390,723
390,594
390,557
390,610
391,694
391,539
391,770
391,545
391,438
391,724
392,839
392,545
392,557
392,539
392,694
392,723
392,556
392,402
393,539
393,694
394,752
394,539
394,557
394,700
395,694
395,539
395,473
396,694
396,539
397,539
397,694
397,402
397,444
397,545
397,596
397,561
398,694
399,539
400,539
400,557
400,545
400,834
400,694
400,402
400,411
400,852
400,723
400,575
400,815
400,491
400,461
401,694
402,539
402,694
402,866
402,771
402,724
402,545
402,809
402,557
402,852
402,477
402,511
402,556
402,623
402,638
402,723
402,533
402,672
402,596
402,472
402,634
402,454
402,653
402,815
402,700
402,640
402,413
402,799
402,491
402,619
402,749
402,575
402,834
402,547
402,745
402,496
402,703
402,679
402,685
402,522
402,444
402,792
402,456
402,610
402,715
402,648
402,655
402,428
402,523
402,778
402,407
402,498
402,528
402,822
402,550
402,529
402,695
402,747
402,752
402,858
402,421
402,518
402,776
402,525
402,546
402,595
402,607
402,770
402,515
402,678
402,786
402,597
402,461
402,645
402,438
402,618
402,860
402,443
402,501
402,806
402,831
402,580
402,812
402,579
402,611
402,780
402,664
402,775
402,412
402,665
402,759
402,527
402,526
402,403
402,458
402,615
402,828
402,507
402,744
402,803
402,516
402,736
402,565
402,510
402,544
402,772
402,691
402,635
402,622
402,462
402,837
402,696
402,641
402,629
402,802
402,848
402,473
402,646
402,590
402,777
402,509
402,839
402,460
402,666
402,471
402,688
402,451
402,855
402,746
402,750
402,445
402,716
402,840
402,788
402,729
402,482
402,500
402,637
402,436
402,519
402,514
402,427
402,740
402,594
402,419
402,578
402,862
402,574
402,737
402,784
402,782
402,748
402,583
402,833
402,632
402,733
402,698
402,598
402,760
402,660
402,800
402,864
402,549
402,603
402,774
403,539
404,539
404,419
404,694
404,550
404,561
405,539
405,694
406,852
406,691
406,539
406,694
406,407
406,700
406,745
406,557
406,439
406,648
406,556
407,424
407,423
407,557
407,477
407,539
407,564
407,724
407,694
407,670
407,837
407,616
407,852
407,778
407,545
407,556
407,691
407,734
407,451
407,815
407,568
407,723
407,540
407,796
407,408
407,559
407,697
407,841
407,550
407,682
407,679
407,534
407,484
407,504
407,846
407,689
407,474
407,792
407,640
407,528
407,531
407,764
407,753
407,515
407,808
407,483
407,830
407,839
407,502
407,615
407,498
407,708
407,450
407,771
407,449
407,415
407,575
407,684
407,607
407,529
407,535
407,542
407,425
407,496
407,610
407,651
407,574
407,571
407,700
407,596
407,500
407,632
407,594
407,828
407,811
407,648
407,438
407,635
407,414
407,714
407,711
407,642
407,456
407,409
407,802
407,696
407,799
407,806
407,472
407,618
407,638
407,567
407,584
407,749
407,687
407,793
407,468
408,539
408,691
408,694
408,689
408,846
408,682
408,477
408,557
408,451
408,556
408,545
408,564
408,724
409,539
409,557
409,694
409,456
410,539
410,694
411,539
412,775
412,539
412,472
412,641
412,694
412,557
412,579
412,665
412,759
412,438
412,545
412,611
412,419
412,555
412,771
412,454
412,723
413,539
413,557
413,770
413,694
413,815
413,574
413,724
413,723
413,740
413,545
413,648
413,470
413,556
413,651
414,545
414,539
414,723
414,556
414,767
414,694
414,724
414,557
414,822
415,539
415,694
415,545
416,694
416,539
416,672
416,557
416,556
417,694
417,539
418,539
418,545
419,557
419,694
419,555
419,549
419,723
419,691
419,545
419,539
419,635
419,771
419,806
419,621
419,724
419,556
419,815
420,539
420,694
421,539
421,528
421,694
421,557
421,545
421,556
422,539
422,671
422,724
422,470
423,694
423,724
424,539
424,694
425,694
425,539
426,539
426,691
426,694
427,539
427,545
427,694
427,594
427,806
428,778
428,694
428,724
428,545
428,539
428,815
429,557
429,723
429,815
429,539
429,556
429,651
430,545
430,539
430,694
431,545
431,539
431,815
431,837
431,694
432,545
432,635
432,557
432,724
432,539
432,847
432,852
433,557
434,694
435,694
435,724
435,539
435,507
435,679
436,694
436,545
436,539
437,539
437,694
437,545
438,694
438,539
438,545
438,723
438,462
438,514
438,557
438,533
438,856
438,501
438,556
438,815
438,857
438,829
438,727
438,643
438,523
438,839
438,648
438,597
438,775
438,660
438,700
438,549
438,759
438,864
438,665
438,453
438,472
438,579
438,611
438,771
439,539
439,694
440,539
440,557
440,694
440,723
440,556
440,477
441,550
441,808
441,694
442,694
442,539
442,815
442,723
442,557
442,828
443,694
443,539
443,775
443,501
444,635
444,694
444,829
444,724
444,539
444,596
444,637
444,809
444,815
444,545
444,775
444,529
444,832
444,550
444,556
444,519
444,557
444,723
444,501
445,788
445,539
445,716
445,523
445,694
446,545
446,723
446,557
446,694
446,539
447,694
447,539
448,539
448,694
449,557
449,723
449,694
449,539
450,694
450,539
451,694
451,545
451,539
451,557
451,815
451,540
451,852
451,556
451,616
452,545
452,694
452,539
453,557
453,539
453,694
453,852
453,556
453,706
453,723
454,723
454,653
454,694
454,539
454,557
454,837
455,694
455,545
455,539
456,539
456,694
456,557
456,815
456,723
456,798
456,575
457,539
457,694
457,545
458,815
458,694
458,557
458,539
458,545
459,724
459,539
459,694
460,556
460,539
460,771
460,545
460,694
460,557
461,694
461,825
461,545
461,539
461,645
461,496
462,539
462,694
463,528
464,691
464,539
464,694
465,539
466,539
466,694
466,557
467,809
467,539
469,815
469,723
469,539
470,694
470,539
470,635
470,691
471,539
471,694
471,563
471,724
471,815
471,685
471,528
471,866
471,711
472,694
472,539
472,579
472,557
472,611
472,556
472,815
472,759
472,775
472,665
472,545
472,551
472,723
473,694
473,480
473,539
473,481
473,724
473,578
473,857
474,539
474,557
475,476
475,694
475,545
475,539
476,545
476,694
477,694
477,556
477,539
477,578
477,545
477,724
477,557
477,670
477,852
477,588
477,743
478,557
478,539
478,757
478,556
478,545
478,694
479,694
480,694
480,557
480,539
480,716
480,481
480,691
480,545
481,539
481,694
481,691
482,539
482,694
482,839
482,815
482,724
482,507
483,539
483,694
484,539
484,694
485,539
485,545
485,694
485,724
486,545
487,679
487,694
487,797
487,539
488,557
488,539
489,545
489,539
490,607
490,539
490,545
490,694
491,545
491,694
491,539
491,834
491,815
492,554
492,815
492,766
492,694
492,539
493,539
493,557
494,723
494,539
494,694
494,557
494,556
495,539
496,539
496,557
496,694
496,724
496,723
496,545
496,645
496,556
496,774
497,694
497,806
497,723
497,539
497,557
498,539
498,528
498,557
498,815
498,579
498,694
498,545
498,723
498,809
498,724
499,694
500,557
500,723
500,539
500,694
501,519
501,539
501,557
501,724
501,694
501,550
501,556
501,529
501,637
501,545
501,723
501,839
501,856
501,771
501,857
501,655
501,815
501,837
502,539
502,694
503,694
504,694
504,539
504,724
505,539
505,694
506,539
506,694
507,539
507,792
507,556
507,694
507,723
507,799
507,815
507,724
507,545
507,811
507,557
507,839
507,580
507,660
508,539
508,694
509,694
509,539
510,545
510,655
510,694
510,771
510,700
510,539
510,723
510,544
510,772
510,556
510,557
511,724
511,539
511,806
511,694
511,815
511,749
511,723
511,545
511,557
511,556
512,539
513,648
513,539
513,694
514,694
514,523
514,545
514,539
515,724
515,694
515,539
515,545
515,557
516,539
516,694
517,539
518,539
518,694
519,556
519,539
519,637
519,694
519,724
519,529
519,550
519,545
519,723
519,557
519,828
520,539
520,723
520,557
521,694
522,539
522,694
523,694
523,539
523,545
523,788
523,716
523,598
523,815
523,646
523,729
524,694
524,539
525,694
525,539
526,545
526,539
526,694
527,723
527,556
527,528
527,545
527,539
527,694
527,557
528,545
528,539
528,694
528,557
528,724
528,723
528,815
528,839
528,618
528,732
528,529
528,638
528,717
528,556
528,858
529,694
529,545
529,691
529,557
529,539
529,723
529,724
529,637
529,607
529,550
529,711
529,556
529,863
529,635
529,856
529,651
529,815
529,686
530,847
530,557
530,539
530,666
530,574
530,694
530,723
531,545
531,556
531,723
531,557
531,539
531,734
531,694
531,724
531,815
531,537
531,541
532,694
532,539
533,723
533,815
533,557
533,539
533,694
533,545
534,694
534,539
534,852
535,724
535,694
536,539
536,694
537,723
537,694
537,557
537,539
537,545
537,556
537,724
538,557
538,539
538,694
538,815
538,723
538,556
538,700
539,723
539,749
539,694
539,557
539,683
539,809
539,724
539,545
539,575
539,815
539,544
539,810
539,682
539,556
539,660
539,700
539,549
539,864
539,798
539,679
539,847
539,624
539,790
539,711
539,716
539,788
539,651
539,775
539,691
539,558
539,825
539,585
539,839
539,648
539,635
539,852
539,667
539,615
539,654
539,610
539,571
539,740
539,576
539,588
539,607
539,687
539,863
539,831
539,752
539,806
539,611
539,541
539,567
539,793
539,564
539,665
539,766
539,601
539,699
539,792
539,568
539,655
539,646
539,574
539,770
539,833
539,840
539,750
539,803
539,621
539,586
539,550
539,799
539,551
539,703
539,771
539,772
539,583
539,616
539,609
539,632
539,829
539,644
539,718
539,800
539,672
539,602
539,598
539,767
539,822
539,580
539,828
539,751
539,612
539,762
539,858
539,579
539,837
539,650
539,845
539,658
539,596
539,808
539,777
539,866
539,657
539,643
539,727
539,835
539,717
539,634
539,726
539,605
539,849
539,764
539,801
539,578
539,759
539,784
539,782
539,690
539,640
539,547
539,666
539,630
539,594
539,688
539,625
539,774
539,698
539,603
539,608
539,733
539,622
539,732
539,563
539,826
539,756
539,678
539,637
539,734
539,540
539,735
539,783
539,857
539,741
539,680
539,552
539,573
539,753
539,834
539,577
539,706
539,702
539,555
539,709
539,653
539,697
539,565
539,856
539,593
539,554
539,597
539,744
539,712
539,619
539,807
539,780
539,695
539,720
539,811
539,850
539,659
539,787
539,710
539,854
539,823
539,830
539,742
539,641
539,595
539,645
539,631
539,620
539,730
539,639
539,548
539,638
539,786
539,778
539,561
539,736
539,701
539,728
539,587
539,705
539,543
539,671
539,647
539,802
539,696
539,844
539,570
539,776
539,722
539,569
539,600
539,664
539,673
539,843
539,668
539,618
539,725
539,629
539,681
539,617
539,755
539,768
539,584
539,704
539,713
539,745
539,581
539,746
539,623
539,794
539,669
539,719
539,797
539,795
539,590
539,636
539,721
539,693
539,841
539,796
539,572
539,804
539,805
539,592
539,675
539,676
539,599
539,819
539,848
539,715
539,757
539,559
539,707
539,589
539,827
539,836
539,674
539,821
539,685
539,626
539,789
539,824
539,816
539,649
539,661
539,670
539,817
539,812
539,765
539,814
539,791
539,714
539,591
539,692
539,865
539,859
539,633
539,842
539,760
539,729
539,820
540,557
540,635
540,694
540,723
540,854
540,691
540,831
540,815
540,839
541,557
541,694
541,852
541,815
542,694
543,694
543,724
543,803
543,557
543,723
544,781
544,694
544,557
544,655
544,556
544,545
544,574
544,771
544,700
544,831
544,723
544,772
545,694
545,557
545,556
545,724
545,646
545,750
545,574
545,815
545,676
545,723
545,655
545,550
545,771
545,840
545,806
545,837
545,700
545,681
545,822
545,594
545,762
545,866
545,804
545,752
545,729
545,803
545,745
545,648
545,799
545,679
545,778
545,839
545,686
545,635
545,575
545,770
545,607
545,638
545,864
545,549
545,863
545,722
545,645
545,579
545,836
545,567
545,683
545,749
545,828
545,834
545,595
545,640
545,555
545,632
545,852
545,757
545,780
545,775
545,612
545,858
545,695
545,660
545,812
545,580
545,596
545,627
545,798
545,759
545,665
545,611
545,734
545,763
545,637
545,672
545,848
545,831
545,792
545,766
545,610
545,715
545,678
545,597
545,590
545,740
545,666
545,664
545,622
545,698
545,861
545,736
545,618
545,727
545,643
545,756
545,732
545,630
545,691
545,609
545,772
545,809
545,838
545,821
545,730
545,761
545,767
545,682
545,565
545,829
545,697
545,802
545,696
545,559
545,754
546,694
547,557
547,694
547,556
547,648
547,723
547,792
547,665
547,700
547,619
547,550
547,640
547,749
548,694
548,557
549,694
549,660
549,557
549,724
549,864
549,815
549,723
549,705
549,700
550,694
550,780
550,557
550,791
550,556
550,637
550,724
550,723
550,745
550,575
550,815
550,648
550,655
550,822
550,771
550,808
550,852
550,638
550,775
550,839
551,694
551,557
551,723
551,680
552,557
553,694
554,815
554,691
554,766
554,694
555,694
555,771
556,694
556,723
556,557
556,772
556,734
556,792
556,648
556,637
556,724
556,815
556,774
556,822
556,767
556,852
556,771
556,597
556,700
556,753
556,635
556,678
556,651
556,833
556,828
556,858
556,583
556,695
556,596
556,616
556,757
556,764
556,655
556,783
556,632
556,679
556,786
556,614
556,598
556,749
556,806
556,575
556,683
556,759
556,638
556,574
556,585
556,691
556,676
556,681
556,843
556,825
556,617
556,580
556,812
556,640
556,803
556,847
556,693
556,568
556,756
557,700
557,723
557,694
557,575
557,815
557,806
557,669
557,724
557,852
557,665
557,849
557,637
557,759
557,607
557,708
557,828
557,681
557,617
557,825
557,648
557,583
557,565
557,822
557,767
557,585
557,795
557,865
557,682
557,839
557,666
557,864
557,660
557,679
557,808
557,809
557,635
557,614
557,778
557,691
557,601
557,775
557,829
557,596
557,847
557,699
557,651
557,756
557,574
557,771
557,616
557,580
557,749
557,632
557,683
557,719
557,655
557,803
557,792
557,646
557,774
557,567
557,693
557,799
557,696
557,802
557,664
557,734
557,569
557,837
557,653
557,638
557,866
557,720
557,628
557,598
557,854
557,750
557,811
557,615
557,687
557,622
557,833
557,843
557,588
557,654
557,640
557,752
557,706
557,670
557,858
557,745
557,698
557,711
557,817
557,732
557,840
557,603
557,814
557,627
557,766
557,812
557,573
557,703
557,620
557,668
557,786
557,783
557,611
557,597
557,591
557,579
557,790
557,757
557,787
557,695
557,780
557,753
557,595
557,848
557,678
557,764
557,641
557,599
557,772
557,676
557,621
557,727
557,704
557,619
557,779
557,743
557,804
557,705
557,568
557,572
557,820
557,610
557,581
557,796
558,825
559,694
559,697
560,815
560,694
561,694
561,596
562,694
562,635
563,691
563,694
564,694
564,793
565,694
565,723
565,700
566,597
566,694
567,694
567,655
568,694
569,694
569,570
570,694
571,694
574,673
574,694
574,583
574,724
574,723
574,621
574,806
574,815
574,780
574,666
575,694
575,723
575,724
575,809
575,815
575,700
575,749
575,683
575,754
575,798
575,775
576,694
577,815
577,694
578,694
579,694
579,815
579,700
579,775
579,759
579,831
579,665
579,611
580,759
580,812
580,815
580,694
580,723
580,651
581,724
582,694
583,815
583,723
583,694
583,748
584,724
584,694
585,694
585,815
585,740
586,694
586,815
586,724
587,694
588,852
588,694
588,724
588,615
588,635
588,839
589,694
590,799
590,694
590,815
590,809
592,694
594,694
594,806
595,724
595,694
596,815
596,715
596,694
596,839
596,655
596,769
596,723
596,825
596,617
596,610
597,694
598,694
598,724
599,852
599,815
599,771
599,694
599,772
599,635
600,694
601,694
601,691
602,694
603,724
605,694
605,724
606,694
607,651
607,694
607,815
607,795
607,723
607,724
607,744
608,694
609,762
610,694
610,815
610,723
610,715
610,700
610,655
611,665
611,694
611,759
611,775
611,815
612,762
613,723
614,694
614,852
614,635
615,694
616,694
616,724
617,681
617,825
617,694
618,815
618,694
618,638
618,691
619,640
619,700
619,694
619,749
620,723
620,694
620,829
621,694
621,780
622,694
622,700
622,723
622,659
622,815
622,664
623,694
624,694
625,694
625,724
626,694
627,694
628,852
628,694
630,732
630,694
630,724
631,694
632,815
632,694
632,724
632,723
632,771
633,694
634,694
634,635
635,694
635,852
635,664
635,772
635,815
635,724
635,691
635,771
636,694
637,724
637,694
637,723
638,815
638,723
638,694
638,771
639,694
640,723
640,694
640,749
640,700
640,852
641,694
641,723
641,775
642,694
643,694
643,727
643,648
644,718
645,694
646,815
646,694
646,723
646,655
646,679
648,694
648,815
648,792
648,700
648,723
648,745
648,839
648,727
648,724
648,660
648,680
650,694
651,723
651,694
651,833
651,852
652,694
653,694
653,723
655,815
655,694
655,723
655,771
655,700
655,715
655,828
655,772
656,694
657,691
658,694
658,839
658,852
658,771
659,839
659,694
660,864
660,815
660,694
660,700
660,792
660,724
660,723
661,694
662,694
663,694
664,723
664,679
664,694
664,771
664,772
665,694
665,775
665,766
665,759
666,723
666,694
666,749
668,723
668,799
668,694
669,806
670,694
670,724
671,724
672,694
672,815
672,724
673,694
675,694
676,723
676,694
676,839
677,694
678,723
678,694
678,700
678,703
678,724
678,815
679,694
679,815
679,724
679,711
679,771
679,837
679,702
679,852
679,839
679,691
680,694
680,724
681,694
681,825
682,694
682,691
682,815
683,749
683,694
683,723
683,815
683,724
684,724
684,694
685,694
685,815
685,852
687,694
688,694
688,724
689,694
689,846
691,694
691,770
691,711
691,815
691,839
691,759
691,772
691,771
691,825
691,852
691,723
692,694
693,723
693,828
693,694
694,841
694,723
694,839
694,829
694,792
694,700
694,815
694,724
694,852
694,762
694,745
694,837
694,803
694,808
694,747
694,765
694,771
694,729
694,720
694,744
694,770
694,752
694,741
694,716
694,834
694,793
694,733
694,778
694,854
694,813
694,797
694,831
694,800
694,709
694,836
694,735
694,759
694,772
694,806
694,866
694,780
694,827
694,766
694,807
694,711
694,799
694,775
694,825
694,773
694,750
694,819
694,764
694,856
694,753
694,828
694,850
694,713
694,751
694,786
694,760
694,749
694,788
694,734
694,737
694,738
694,826
694,703
694,710
694,809
694,702
694,706
694,774
694,810
694,833
694,845
694,851
694,727
694,858
694,740
694,726
694,794
694,763
694,847
694,756
694,742
694,696
694,802
694,697
694,730
694,748
694,859
694,857
694,796
694,781
694,736
694,818
694,821
694,855
694,860
694,732
694,754
694,784
694,782
694,838
694,758
694,708
694,761
694,739
694,779
694,849
694,769
694,822
694,846
694,776
694,755
694,699
694,785
694,768
694,832
694,767
694,715
694,798
694,864
694,840
694,695
694,790
694,824
695,815
695,724
695,723
696,700
696,802
696,806
696,799
698,723
698,700
699,724
699,723
700,723
700,815
700,724
700,864
700,771
700,772
700,858
700,852
700,803
700,749
700,736
700,828
700,802
700,799
700,806
703,724
703,723
705,815
705,723
706,852
711,724
711,723
713,724
716,788
720,724
721,723
723,815
723,724
723,771
723,792
723,756
723,799
723,828
723,745
723,786
723,858
723,749
723,849
723,795
723,774
723,806
723,775
723,767
723,764
723,822
723,772
723,829
723,854
723,809
723,847
723,778
723,848
723,839
723,833
723,759
723,753
723,852
723,734
723,750
724,815
724,852
724,786
724,831
724,750
724,840
724,772
724,780
724,771
724,845
724,734
724,770
724,749
724,775
724,826
724,828
724,803
724,837
724,808
724,839
724,744
724,756
724,809
724,804
724,752
724,811
724,806
724,778
724,833
724,820
724,822
724,732
724,737
726,837
727,815
736,815
744,771
745,780
746,809
749,815
749,852
749,828
749,806
750,840
752,804
754,798
756,815
756,847
759,843
759,775
762,763
764,815
764,837
766,815
767,822
771,772
771,815
771,837
771,852
771,862
771,857
771,808
771,839
771,841
771,856
772,852
772,815
772,839
774,815
775,815
776,837
777,853
778,815
780,815
782,784
783,815
790,864
792,815
792,799
799,815
799,809
799,802
799,806
802,806
806,815
807,866
808,852
809,815
812,815
813,852
815,852
815,831
815,822
815,866
815,847
815,837
815,854
815,834
815,839
815,828
815,858
815,864
815,848
828,852
837,839
839,852
841,852
856,857
